{"cameraMode":{"drawMode":0,"name":"Shaded","section":"Shading Mode"},"sceneLighting":false,"audioPlay":false,"sceneViewState":{"showFog":true,"showMaterialUpdate":false,"showSkybox":false,"showFlares":true,"showImageEffects":true,"showParticleSystems":true},"in2DMode":false,"pivot":{"x":8.154767990112305,"y":31.24839973449707,"z":13.50761604309082},"rotation":{"x":-0.19424031674861909,"y":-0.6642601490020752,"z":0.18490928411483766,"w":-0.6977593302726746},"size":112.16726684570313,"orthographic":false}