{"cameraMode":{"drawMode":0,"name":"Shaded","section":"Shading Mode"},"sceneLighting":false,"audioPlay":false,"sceneViewState":{"showFog":true,"showMaterialUpdate":false,"showSkybox":false,"showFlares":true,"showImageEffects":true,"showParticleSystems":true},"in2DMode":false,"pivot":{"x":0.34173583984375,"y":0.9608626365661621,"z":0.3269844055175781},"rotation":{"x":-0.13019204139709474,"y":0.7081329822540283,"z":-0.13545532524585725,"w":-0.6806368827819824},"size":198.26470947265626,"orthographic":false}