{"cameraMode":{"drawMode":0,"name":"Shaded","section":"Shading Mode"},"sceneLighting":false,"audioPlay":false,"sceneViewState":{"showFog":true,"showMaterialUpdate":false,"showSkybox":false,"showFlares":true,"showImageEffects":true,"showParticleSystems":true},"in2DMode":false,"pivot":{"x":-0.2040451616048813,"y":-0.8706220984458923,"z":3.734835624694824},"rotation":{"x":-0.0975717082619667,"y":0.040889617055654529,"z":-0.004013118799775839,"w":-0.9943840503692627},"size":2.759233236312866,"orthographic":false}